x,df,pdf
1.582785817,2,0.226606536
0.350985649,6,0.006460158
0.055643056,8,1.75E-06
1.395421611,8,0.014087475
0.746517705,1,0.317896503
1.294137461,3,0.237619398
0.778297351,8,0.003327824
1.598705781,2,0.224809912
0.124742414,4,0.029299937
0.479449385,3,0.217355352
1.209191727,8,0.010061011
1.007691491,3,0.241967164
0.97300828,5,0.078465284
1.918450315,6,0.088144443
0.225509579,5,0.012722355
1.42854389,2,0.2447742
0.892983407,1,0.270134148
1.5746974,4,0.179141383
0.929718375,1,0.259925315
0.398905495,9,0.00012478
0.959265445,3,0.241867559
0.863484803,4,0.140181714
2.512179953,3,0.180062176
0.599213052,5,0.045713371
0.575028262,2,0.375062983
0.698114006,4,0.123104189
0.301608402,1,0.624733674
1.086267936,9,0.002948628
0.601649949,8,0.001679244
0.76324167,1,0.311776377
0.693006815,8,0.00245164
0.019935388,7,1.48E-06
0.123109092,5,0.005401212
0.511812132,9,0.000282143
0.291715998,9,4.40E-05
0.876769557,8,0.004528945
0.70463924,7,0.007793372
0.801279671,7,0.010239611
1.667094212,9,0.009875893
0.402828446,5,0.027796872
0.109973637,6,0.000715446
1.715889221,1,0.129141205
0.764357718,8,0.003174246
0.177090424,5,0.009070406
1.762704961,3,0.219398352
1.975177527,5,0.13749714
0.996495831,3,0.24196998
3.075785181,1,0.048869039
2.115702744,2,0.173600508
0.786331584,7,0.009842
0.706112516,4,0.12401766
0.532483432,9,0.000320749
0.717404077,8,0.002686816
1.498661495,4,0.177097875
0.000290638,4,7.26E-05
0.75017196,1,0.316542393
0.107866742,1,1.150915185
0.450345701,1,0.474619665
0.700938607,4,0.123427833
0.641419221,9,0.000582687
1.073632092,2,0.292303327
0.140104598,8,2.67E-05
0.718322499,6,0.022518383
0.582984288,3,0.227585748
1.933952407,8,0.028649278
2.054809601,1,0.099615756
0.652109072,6,0.019183013
0.106178477,4,0.02517214
1.514543661,5,0.116233825
0.025688066,3,0.063124461
0.720700024,2,0.348716087
1.558781419,2,0.229342699
0.375929559,3,0.202689493
0.573867227,9,0.00040827
1.340518037,3,0.236296127
1.909288009,3,0.21220185
0.651910234,7,0.006587609
1.059297552,1,0.228232528
2.252020579,3,0.194167343
1.15400321,3,0.240671664
0.105817693,8,1.17E-05
0.206854197,5,0.011281517
1.137798518,7,0.020792773
1.221275172,5,0.097456895
0.600200691,6,0.016677889
0.832729347,9,0.00132026
0.033684311,6,6.97E-05
0.506080892,3,0.220356551
1.897318597,6,0.087129063
0.11213978,3,0.126310389
2.48593153,2,0.144263622
0.695537431,1,0.337843664
1.172441399,9,0.003689329
0.45337944,6,0.010241264
0.135969419,2,0.46713738
0.921967276,1,0.262029183
0.505323892,4,0.098125109
0.457190428,5,0.032708217
0.009089636,2,0.497732747
0.033677856,9,2.62E-08
0.658385979,6,0.019492811
0.656858194,8,0.002125733
0.153471161,4,0.035533742
0.802918043,5,0.06403895
0.416321524,7,0.002415394
0.692082173,6,0.0211793
0.24984147,3,0.175990791
0.150048465,5,0.007170568
0.976298638,5,0.078733994
1.219645952,8,0.0102704
1.131478334,6,0.045443849
1.997378705,6,0.091849241
0.359596552,2,0.417719361
0.210798349,8,8.78E-05
0.916449534,5,0.073781445
0.471001795,4,0.093043455
0.083366483,7,5.12E-05
0.963947932,6,0.03586481
0.132502993,8,2.27E-05
2.259623685,4,0.182517738
0.949388856,1,0.254701106
0.108783635,9,1.53E-06
0.70289059,9,0.00077839
0.154819655,5,0.007497376
0.131400452,3,0.135417643
0.250570835,8,0.00014458
0.405779813,5,0.028061475
0.449801927,1,0.475035606
0.302902395,6,0.004928457
1.325382026,4,0.170796134
0.125639015,6,0.000926503
0.251780078,4,0.055499366
1.707448026,4,0.181769023
0.044053564,8,8.71E-07
2.051684751,7,0.057488066
1.159762457,3,0.240577701
0.733054161,1,0.322969377
0.183264524,9,9.13E-06
0.032453674,2,0.491952054
1.81205376,2,0.202063341
0.016338593,6,1.65E-05
1.034475243,1,0.233838798
0.269230385,8,0.00017768
1.17634256,4,0.163318084
0.683872708,5,0.053425752
1.732100308,6,0.078868811
0.561246687,2,0.377656388
1.783130806,7,0.046299348
1.546168348,6,0.068967961
0.027570644,8,2.15E-07
0.18122669,2,0.456685401
0.874557176,7,0.012285184
1.001623661,4,0.151755615
1.695548764,4,0.181579392
0.098480782,2,0.475976131
0.526636715,7,0.00411376
0.86213318,6,0.030186926
0.229266734,3,0.170331884
0.448778001,6,0.010057551
2.000733673,6,0.092003592
0.659072295,6,0.019526769
0.747553434,1,0.317511734
1.719876021,6,0.07823624
1.437530456,2,0.243676828
0.632328216,3,0.231245356
0.128641789,4,0.030156981
0.515166484,5,0.038005218
0.019957402,7,1.48E-06
0.956124012,5,0.077079778
0.803803982,1,0.297708457
2.09687948,9,0.017778549
0.810413467,4,0.135103814
0.472547406,5,0.034107079
0.79609849,8,0.003529869
0.883710087,3,0.241084764
1.306819884,8,0.012094938
1.43770681,7,0.032121851
2.307868878,2,0.157696714
0.348903951,4,0.073262606
0.423082257,3,0.21001549
1.011166055,6,0.03854367
1.001454705,8,0.006341027
1.006449648,4,0.152119292
0.307405959,6,0.005064683
0.199140359,3,0.161156167
0.043429158,4,0.010624069
0.775204037,5,0.061599818
0.388522955,8,0.000503051
0.265353762,7,0.000844814
1.044935265,6,0.040471936
1.664140938,7,0.04134571
1.488434128,8,0.016319553
1.489496981,4,0.176823294
0.262429167,4,0.057539534
0.544949515,5,0.04073699
0.834319441,6,0.028666494
0.822895814,7,0.010826582
0.408057305,6,0.008486211
2.329192541,9,0.02286451
0.730339679,8,0.002816516
1.395312451,9,0.006068518
0.470917927,4,0.093030789
1.235311984,2,0.269603431
1.587765691,3,0.227260697
0.565951257,5,0.042664101
0.218398109,1,0.765351755
0.582424296,8,0.001538067
0.790271275,1,0.3022851
1.459825506,6,0.06419258
1.117852856,5,0.089872559
0.340250398,7,0.001515064
1.257991662,2,0.266563441
0.146939238,6,0.001253857
0.805531405,1,0.297132328
0.040799985,1,1.935175949
0.603481282,4,0.111573105
1.188553569,7,0.022608647
0.251297316,5,0.014774135
0.878784796,2,0.322213929
1.532003789,1,0.149833785
1.495091656,4,0.176991658
1.147570046,4,0.161632073
0.29500853,9,4.57E-05
0.487438205,3,0.218285047
0.288640202,8,0.000216831
1.465015081,3,0.232117097
0.441960787,9,0.000174821
0.210489815,4,0.047365684
0.874553907,3,0.240933056
0.483131951,2,0.392698493
0.336232691,4,0.071050632
1.406468054,8,0.014345237
0.739384508,4,0.127718865
1.174019567,2,0.277993662
0.568848455,7,0.004884121
1.274929602,6,0.053703796
0.456878764,7,0.002986148
0.574713434,3,0.226901989
0.801196454,8,0.003588957
1.200994945,5,0.096008093
1.31167504,6,0.055809215
0.879754423,8,0.004568534
0.042386568,7,9.63E-06
0.044100489,2,0.489095543
0.190426244,8,6.54E-05
0.271123744,4,0.059188017
1.859380396,7,0.049485744
0.365216348,4,0.076064935
2.237429675,5,0.145398934
0.751949333,1,0.315887218
0.816174046,7,0.010642553
0.740044319,7,0.00865495
0.961008191,7,0.014892111
1.672231046,7,0.041681098
1.64884561,4,0.180749759
0.314609589,4,0.067204037
0.512161509,3,0.221003461
1.539554205,4,0.178248156
0.248171423,1,0.707366422
1.164657025,8,0.00919223
0.40101151,5,0.027634113
0.108414285,2,0.473617937
0.787694292,3,0.238804921
1.045926404,1,0.231227492
0.230375138,3,0.170648527
1.394361929,2,0.248993585
1.741255862,7,0.044551915
0.193872739,9,1.11E-05
1.16266114,3,0.240529299
0.563900069,2,0.377155687
0.406766524,5,0.028149999
0.182722737,4,0.041692205
0.740725241,5,0.05853668
1.128157579,3,0.241056387
0.40410385,9,0.000130226
0.712444061,4,0.124734192
0.986639546,1,0.245236298
0.973451546,1,0.248525284
1.294564222,6,0.054829738
1.475814508,7,0.033645671
0.710829584,7,0.007941049
0.551728342,9,0.00035971
1.625630883,3,0.225641914
0.25086492,1,0.702611855
1.53950975,9,0.007966343
0.19219121,3,0.158870417
0.511350289,2,0.387196747
1.474767995,4,0.176368862
2.030411641,7,0.056608384
1.153148964,3,0.24068535
0.757938805,2,0.342283279
0.754898963,9,0.00097366
0.904462831,6,0.032528187
1.017450869,6,0.038901851
0.33055755,1,0.588175412
0.740767256,5,0.05854043
0.630125047,6,0.01810938
1.001183933,7,0.016169596
1.817470588,9,0.012393612
0.429680477,2,0.403335152
2.566913215,4,0.177808727
1.094090529,2,0.289328533
0.463177123,8,0.000821093
1.397883519,4,0.173725849
0.311276606,2,0.42793435
0.248305458,4,0.054828634
0.807382658,3,0.239402597
0.104846449,8,1.14E-05
0.970797582,2,0.307725856
1.05767861,2,0.294644279
0.60708174,4,0.112036892
1.02643305,5,0.082774706
0.87260088,5,0.070069563
0.360089999,4,0.075189729
0.641637703,5,0.049589961
0.847976877,7,0.011525055
0.004270575,7,3.16E-08
0.213525952,2,0.449369335
0.087721424,1,1.289165766
0.016643151,5,0.000283158
1.437850662,6,0.062962545
0.318915192,4,0.067977261
1.371578711,8,0.01353806
0.631847129,6,0.018192827
0.35789047,5,0.023806694
0.857272524,1,0.280670165
1.70096434,5,0.126029412
0.414826443,6,0.008740464
0.082348806,3,0.109864379
0.271158195,7,0.00088919
1.626878501,7,0.039804707
0.922535723,9,0.001806491
0.096235649,5,0.003783515
1.314083973,7,0.027291468
0.23803663,1,0.7259374
2.111835872,9,0.01809056
0.923923648,3,0.241602062
1.133069988,8,0.008599159
3.125658547,9,0.042982137
0.331498965,4,0.070216326
0.776041142,5,0.061673804
2.95482895,9,0.038454841
0.023394342,5,0.0004703
0.956992258,6,0.035472242
1.416057639,1,0.165149244
0.057292111,1,1.619652433
1.088109816,6,0.042948246
1.390907182,6,0.060317684
0.120354826,5,0.005228166
0.27103986,9,3.44E-05
0.302505611,2,0.429815176
0.264742362,9,3.18E-05
0.467577085,3,0.215925335
1.54277304,1,0.148508098
0.083002645,5,0.003050724
0.645635549,4,0.11687711
0.231310821,6,0.002978814
0.729258889,5,0.057511521
1.005615605,3,0.241968824
0.833730667,3,0.240093631
2.195390361,9,0.019874167
0.442386395,1,0.480779786
0.180179589,9,8.62E-06
0.793880863,7,0.010041951
0.161978994,1,0.914128872
0.904185809,3,0.241377873
1.690122615,8,0.021601203
2.523983406,1,0.071087098
0.099209522,7,7.85E-05
0.123892682,4,0.029112715
1.348936982,9,0.005517898
0.574259475,7,0.004987586
0.14399254,9,4.01E-06
0.955512922,9,0.002009378
0.442631961,1,0.48058739
0.053910096,4,0.013119089
0.249540783,5,0.014632348
0.135238836,8,2.41E-05
1.695087634,3,0.222547408
0.507304591,8,0.001055299
0.166498758,5,0.008312862
0.659177655,8,0.002145841
1.918004087,2,0.191637594
0.419741428,1,0.499198711
2.173034909,3,0.198415174
0.90638753,8,0.004930046
1.170734182,2,0.278450695
1.112888046,3,0.241254396
0.398520257,9,0.000124383
0.545830272,9,0.000347454
0.159025121,1,0.923943323
0.2534185,6,0.003536124
1.455859257,2,0.241453877
0.389351268,4,0.080118913
1.718308203,6,0.078154908
3.606747463,5,0.150060764
0.387013715,1,0.528454898
0.290739417,5,0.0180265
0.364075715,2,0.416784892
0.248005824,8,0.000140366
0.167036532,7,0.000278982
0.352328314,7,0.001643163
1.880613332,9,0.013533155
1.035025765,3,0.241898211
1.433473133,4,0.175006762
1.651772226,9,0.009635373
0.756852872,5,0.059973237
0.321982306,4,0.068525852
2.311626136,2,0.157400739
2.418972218,4,0.180425429
0.787528579,8,0.003431769
0.823022845,5,0.065794487
0.486003834,5,0.035335721
0.469400433,5,0.033820111
0.655402791,6,0.019345399
0.62468819,1,0.369342344
1.401899696,1,0.167160224
1.039257093,3,0.241879885
0.031864245,8,3.32E-07
0.029398031,8,2.61E-07
1.286460548,6,0.054365277
0.620356442,2,0.366658126
1.440564854,4,0.175250046
0.204153979,1,0.797259436
0.74626379,1,0.317990949
1.185954543,7,0.022514492
0.377049292,2,0.414090046
0.671385999,2,0.357421265
0.877679906,5,0.070502948
0.726558383,7,0.008321947
0.984773243,3,0.241956555
2.141354679,9,0.018712923
0.260217327,8,0.000161151
0.021504047,1,2.691413455
0.735725769,2,0.346106044
0.237325199,9,2.20E-05
0.992450684,2,0.304412216
1.520617703,6,0.067565059
0.508830154,5,0.037424586
1.098254408,8,0.007968099
1.459696472,6,0.064185373
2.235055578,5,0.145339998
0.345236471,2,0.420729396
0.573635736,5,0.043369028
1.060255034,9,0.002744262
0.122599288,3,0.131380812
1.059886259,3,0.241762156
0.742742957,1,0.319305362
0.112065864,1,1.126778628
0.917353454,9,0.001775818
1.347713148,5,0.106055408
1.090761888,7,0.019155247
0.551132218,9,0.000358459
0.806454335,3,0.239376009
0.747848092,8,0.002997615
1.515291765,4,0.177580325
1.158458167,4,0.162279765
0.807743794,2,0.333864827
0.609434631,1,0.376798749
0.646338385,8,0.002035907
1.137817382,9,0.003379877
2.094253708,1,0.09674622
0.646035254,3,0.232141829
0.465262986,1,0.463479191
0.088178714,8,6.83E-06
1.676332204,5,0.12482973
1.043796975,9,0.002619505
1.278950562,8,0.011496601
0.464389307,4,0.092041007
1.357579166,1,0.173673243
0.269946865,2,0.436869562
1.765083113,6,0.080561475
0.332335631,8,0.000323813
0.813998402,2,0.332822361
0.28672713,3,0.185089786
0.836548185,8,0.004013724
0.50550351,9,0.000271011
1.432922101,9,0.006536492
0.432521486,1,0.488635905
2.371400493,7,0.070370072
1.342161175,5,0.105693729
0.844620053,4,0.13841861
0.196958927,7,0.000414943
0.919198848,2,0.315768287
1.116432746,1,0.216054588
0.54161218,4,0.103280621
0.230111821,2,0.445658154
0.799114059,6,0.026765302
1.241139772,2,0.268818979
1.010868158,7,0.016483441
0.686845164,4,0.121801411
0.324932047,3,0.193307294
0.158479687,1,0.925784355
0.593208452,8,0.001616357
0.006702941,6,2.80E-06
0.756195506,5,0.059914809
0.388310859,3,0.204728923
0.633167988,2,0.364316904
0.189752462,7,0.000379388
1.594994532,3,0.226955652
0.272722789,7,0.000901366
0.145528463,8,2.99E-05
0.176470922,8,5.24E-05
0.539155744,9,0.000333922
1.545118845,7,0.036450647
0.842259748,5,0.067462666
0.74759783,8,0.002994981
0.236080364,4,0.052448814
1.500579064,2,0.236114904
0.024900953,8,1.59E-07
0.805792725,2,0.334190683
1.077629251,5,0.086793789
2.009044193,2,0.183109805
0.151045846,5,0.00723857
0.484287319,1,0.449983782
0.482928704,8,0.000921534
0.715337354,3,0.235956521
0.644637347,5,0.049863273
2.315954002,2,0.157060503
0.429196097,2,0.403432848
0.449183144,6,0.010073677
0.400982072,3,0.206728519
0.387677793,9,0.00011355
0.954601547,8,0.005622197
0.07848448,2,0.480758881
0.464534552,9,0.000205784
1.295355807,9,0.004918125
0.809693028,5,0.064631882
1.752606649,4,0.182410891
0.162333351,7,0.000260368
1.051170165,7,0.01781323
0.328408416,1,0.590731249
2.829513744,8,0.057338072
1.601066332,5,0.120986151
0.348724449,9,7.99E-05
0.225932731,1,0.749652201
0.739670991,9,0.000913563
1.748458596,4,0.182356984
1.802343418,8,0.024766663
1.350136177,8,0.013052183
0.538385074,8,0.001241935
1.460148386,7,0.033017493
0.183288875,2,0.456214759
1.318576876,9,0.005173263
0.776496109,5,0.061714008
0.819661267,3,0.239739773
0.156386845,8,3.68E-05
1.259833192,8,0.011094267
0.327276347,4,0.069468428
0.278253603,1,0.658063292
0.449905375,2,0.399277
0.096801817,5,0.003815872
0.276183916,9,3.66E-05
0.642906158,9,0.000586992
1.818870543,8,0.02524477
0.149233404,4,0.034625849
0.131818365,3,0.135604478
1.615902076,2,0.222885249
0.47913818,6,0.011291666
0.601435802,6,0.016736261
0.895227629,1,0.26949277
1.398564893,5,0.109299515
0.634494162,4,0.115501861
0.496359058,7,0.003601851
0.913984247,6,0.033058891
0.66984805,5,0.052155198
0.142348307,2,0.465649845
0.984018301,9,0.002195609
0.020348012,6,2.56E-05
1.015441054,3,0.241956449
0.028261756,7,3.52E-06
0.343201363,3,0.196860842
0.321403573,8,0.000294502
0.803777989,2,0.334527505
0.285300496,6,0.004410957
0.635261649,3,0.231441412
1.41613308,4,0.174395263
0.791811928,4,0.133236211
0.659143137,8,0.002145541
0.066038052,4,0.015973286
0.372173437,4,0.077244745
1.678825197,9,0.010062078
0.007140546,1,4.704287058
0.172347169,2,0.458717483
0.655656385,1,0.354975143
1.895459195,9,0.013807898
2.166149276,1,0.091768268
0.908754949,6,0.032767248
0.203635858,8,7.94E-05
0.099997633,8,9.91E-06
0.239228663,2,0.44363128
0.546267675,7,0.004463875
0.890076389,6,0.031729041
0.016612978,1,3.069579305
0.026177376,3,0.063707238
1.457249344,8,0.015555812
1.179373681,5,0.094442662
0.595334952,8,0.001632065
2.251848741,4,0.182598196
0.351545125,2,0.419404369
0.184454816,8,5.96E-05
0.714046403,2,0.349878131
0.138662511,6,0.001121213
1.378749268,2,0.250944918
1.12764594,5,0.090611381
0.925405922,4,0.145654176
0.910120634,6,0.032843373
1.512089861,5,0.116093812
2.561899588,8,0.048652555
0.436059447,2,0.40205077
1.507683807,3,0.230502597
0.987099629,7,0.015717205
0.674850534,9,0.00068455
1.13388363,5,0.091079752
0.175178401,7,0.000312954
0.228842624,3,0.170210356
1.329185525,5,0.104842712
1.170950679,3,0.240386823
2.716731658,6,0.11858854
0.57737897,8,0.001502226
0.722988992,9,0.000850524
0.633438242,1,0.365181325
0.840591248,9,0.001359051
0.701636265,4,0.123507593
1.308275891,9,0.005059178
0.457715265,6,0.010415478
0.238776985,1,0.724542842
0.905723823,1,0.266524257
0.149532497,9,4.56E-06
0.014760023,2,0.496323577
2.151682338,4,0.183436722
0.899270578,7,0.013009801
0.621501832,9,0.000527001
0.92761171,6,0.03382082
1.656203958,5,0.12382816
0.219319865,9,1.68E-05
2.249552112,7,0.065550335
0.026895674,5,0.000578725
0.211224916,4,0.047513634
1.430088215,8,0.014903132
1.012718788,2,0.301342865
1.176968259,9,0.003730972
0.017261333,2,0.495703235
0.645775859,9,0.000595359
0.533621011,4,0.102164167
1.105004707,3,0.241347834
0.429446108,7,0.002593209
0.192641514,6,0.002106436
0.113775398,8,1.45E-05
0.032286542,2,0.491993167
0.735407939,7,0.008539802
0.048388083,2,0.488048144
0.13624038,7,0.000170216
1.101983133,6,0.043745896
0.077544424,9,4.75E-07
0.044495573,9,6.91E-08
0.006567443,5,7.05E-05
0.242790301,9,2.37E-05
1.444052522,8,0.015237219
0.401077829,7,0.002217162
0.682622503,2,0.355418812
0.65792615,5,0.051072567
0.719527035,7,0.00815067
0.093293541,7,6.75E-05
1.533754877,1,0.149617174
1.170062539,1,0.205461132
1.1055646,2,0.287673397
1.141344561,1,0.21103858
0.246271676,8,0.000137561
0.022420928,3,0.059070169
1.315202822,7,0.027334301
0.407125429,3,0.207667252
0.192221224,2,0.454181767
0.607904512,8,0.001726752
1.528933744,9,0.00781767
1.235382523,6,0.051430769
2.051777961,1,0.099840549
0.078399952,5,0.002806973
1.123449231,5,0.090295288
0.339850814,3,0.196226003
0.524424484,8,0.001155847
0.874769348,7,0.012291332
0.151096088,6,0.00132305
1.739282222,3,0.22050313
1.90516663,3,0.212409957
0.909052872,3,0.241438383
0.799830548,6,0.026803715
0.675133603,4,0.120427684
0.152666791,5,0.007349444
0.546027307,6,0.014182096
2.269640953,6,0.103501839
0.146139201,5,0.00690566
0.070844615,3,0.102489595
1.401236954,3,0.234364117
2.676694752,1,0.063954891
0.758267001,6,0.024596241
1.339494295,4,0.171401014
0.375122561,7,0.001900181
0.756226735,7,0.009062256
1.035672596,1,0.233563716
0.506630378,4,0.098314562
0.556092938,2,0.378630816
1.160297598,5,0.093043809
0.690952589,9,0.000737482
0.05822297,3,0.093500576
0.664855351,1,0.35089322
0.329320912,2,0.424090825
0.611655857,4,0.112623175
0.047739025,8,1.11E-06
1.525035035,6,0.067808246
0.587741271,8,0.00157638
1.026486301,9,0.002492058
0.224920306,1,0.75171793
0.995857998,7,0.015997957
0.355253082,9,8.50E-05
1.082994378,8,0.007699068
0.16195739,5,0.007993213
0.946614447,3,0.241791993
0.778679701,7,0.009641127
0.066240669,7,2.91E-05
0.074160853,2,0.481799317
0.73461101,7,0.008520079
2.043746945,5,0.139841309
1.417198183,1,0.164988661
0.258207909,8,0.000157604
2.028625917,6,0.093276756
0.25856552,4,0.056802027
0.919668601,6,0.03337638
0.801797779,5,0.063940777
1.096959889,3,0.241436889
0.37626,1,0.538842968
2.443696471,7,0.073163591
0.171502655,2,0.45891122
0.046259695,2,0.488567798
1.756271941,3,0.219703179
0.650394056,3,0.232416562
0.882355305,1,0.273204152
1.40638558,1,0.166519506
0.397420733,3,0.206175241
0.425371106,9,0.000154184
0.661171194,5,0.051367472
0.562222621,4,0.10611169
1.415706215,6,0.061717681
2.484176398,8,0.046115191
0.025328155,7,2.68E-06
1.282227236,9,0.00477712
1.781970257,7,0.046250881
1.244435767,1,0.191954382
1.049031266,1,0.230526897
0.101692747,9,1.21E-06
0.315289111,6,0.005306813
0.461032593,7,0.003048147
0.0836617,1,1.322756229
0.154859908,4,0.035830396
0.027521043,8,2.14E-07
1.895715047,6,0.087051616
0.845994208,9,0.001386122
0.846568891,7,0.011485356
0.543963692,2,0.380934046
0.673473373,3,0.233790789
0.069544372,7,3.28E-05
0.702375951,4,0.12359208
0.498644764,1,0.440286226
0.021804231,5,0.000423512
0.405717806,5,0.028055913
1.981085203,8,0.030078145
1.729139787,3,0.220977056
0.346076913,3,0.197399811
0.829901744,1,0.289191719
1.330617325,6,0.056891382
1.07180523,7,0.018508403
0.415992204,8,0.00060905
0.65784635,4,0.118362726
0.879106194,8,0.004559921
1.436181077,5,0.111619444
0.579855463,9,0.00042211
0.514015826,4,0.099380089
0.320282297,9,6.02E-05
1.405282362,8,0.014317473
1.375605289,8,0.013630174
0.20467717,4,0.046191741
0.504903861,7,0.003742847
0.23450665,3,0.171816622
0.275620424,8,0.000190026
1.819039299,7,0.047799642
0.058491527,3,0.093703384
0.195187409,6,0.002159729
0.255753941,1,0.694164877
0.605940279,2,0.369310576
1.733095419,6,0.078920182
0.129438331,7,0.000150269
0.360070436,5,0.023998368
0.304794028,1,0.620471242
0.751580156,3,0.237516706
1.077880496,7,0.018714859
0.982161815,3,0.241951244
1.700627536,2,0.213640422
0.032012024,1,2.194331201
0.428378723,3,0.210767068
0.164326071,8,4.26E-05
0.846402287,9,0.00138818
0.710516475,7,0.007933549
0.616857665,2,0.367300115
0.674943334,6,0.020316672
0.419196912,1,0.49965884
1.406832093,1,0.166455912
0.870380509,1,0.276729056
0.7572281,1,0.3139545
1.90716326,2,0.192679169
0.523040016,7,0.00405116
0.141372852,3,0.139763688
0.607982588,2,0.368933645
0.635172233,3,0.23143547
0.876466478,4,0.141368628
1.294137917,9,0.004904946
1.774594795,4,0.182679935
1.686230063,2,0.215183912
0.662302426,5,0.051470239
0.817449417,9,0.001246887
0.286673244,9,4.15E-05
0.842897932,6,0.029133793
0.913886009,1,0.264250748
0.01272779,1,3.513741156
0.219662775,4,0.049203649
0.142821395,7,0.000190892
1.741325014,1,0.126574501
0.315645166,3,0.191411559
0.016111494,8,4.32E-08
0.075635778,7,4.03E-05
1.565569238,4,0.178917676
1.369677166,9,0.005760536
0.814011782,1,0.294329849
0.35971331,4,0.075125221
1.947907416,1,0.107930252
1.133250037,1,0.212649848
0.223473696,4,0.049961989
0.777631885,8,0.003320399
0.310424268,3,0.190318114
1.764871314,5,0.129009425
0.921068012,4,0.145286189
0.277948512,3,0.183035989
0.400702719,3,0.206685362
1.84624535,6,0.084635344
0.949068509,8,0.005540307
0.09472335,2,0.476871195
0.53682247,3,0.223488865
1.677988662,3,0.223323265
2.15705078,2,0.170048333
0.331057083,9,6.72E-05
0.317221286,3,0.191737694
0.720372938,3,0.236190141
1.397243891,7,0.030520504
1.64436582,8,0.020354226
0.205127809,7,0.000457443
2.117579135,1,0.095096334
0.130917124,2,0.468318929
1.040073459,1,0.232556765
1.046040916,1,0.231201598
1.127800712,5,0.090623023
0.15705221,2,0.462238963
1.358681004,7,0.029012071
0.64846272,7,0.006512076
0.538453694,4,0.102840608
0.001676003,6,1.75E-07
0.511688085,5,0.03768644
2.477165865,1,0.073455241
0.253992483,2,0.440368491
0.438289408,3,0.212137388
0.47489973,1,0.456547468
0.485261831,2,0.392280515
0.761053914,9,0.000998652
0.116164506,6,0.000795797
0.091763312,5,0.003530744
0.319327541,7,0.001306377
0.034987229,9,2.99E-08
0.510429786,1,0.43261706
0.191841168,7,0.000389507
0.036330621,5,0.000904293
1.145234386,2,0.282023642
0.085708378,7,5.48E-05
0.886838953,7,0.012643173
0.358783602,8,0.000402085
0.75273175,1,0.315599514
1.370264232,8,0.013508049
0.491392185,9,0.000247181
1.723542364,5,0.12710402
1.021678964,6,0.039143004
2.148819125,9,0.018871661
1.412829918,7,0.031135181
1.005441203,6,0.038217704
0.505097505,5,0.03708268
1.583751294,1,0.143601624
0.948063498,4,0.147539417
1.362612065,6,0.058713373
0.396148663,8,0.000531228
1.289575432,5,0.102195363
0.879163145,1,0.274136887
0.682403013,6,0.020690927
0.371029429,6,0.007147081
0.666668902,9,0.000658629
0.155511176,5,0.007545055
0.796664512,6,0.026634065
0.66583138,2,0.358415314
0.364677601,5,0.024404151
0.134358673,2,0.467513751
1.08523388,2,0.290612614
1.969084964,5,0.137279007
0.400697229,4,0.081987199
0.15150865,7,0.000220299
0.735934517,8,0.002873691
0.822108667,9,0.001268979
1.624598745,8,0.01982394
1.252259113,8,0.010936712
0.556574619,1,0.40484588
1.02163044,1,0.236820297
0.45848046,3,0.214789335
0.648666845,6,0.019013725
0.006995049,2,0.498254292
1.764994985,7,0.045542168
1.425495378,9,0.006442564
1.494511961,8,0.016470159
0.348721273,7,0.00160432
0.098213684,5,0.003896906
1.287605313,1,0.184679523
1.022190742,5,0.082436743
0.210218668,4,0.047311082
1.732321142,7,0.044179527
1.343308794,3,0.23621213
1.279421259,4,0.168706096
0.501408392,5,0.036744874
0.928515894,7,0.013888889
0.813405422,1,0.294528816
0.6915006,4,0.122341872
0.351112545,1,0.564863837
1.576730044,8,0.01856172
0.088322518,7,5.90E-05
0.395962161,1,0.5201171
0.53555869,6,0.013715103
0.398161102,4,0.081571651
0.612194418,6,0.017247352
1.153984673,2,0.280792444
0.471926112,8,0.000864716
0.976667592,8,0.005955091
0.610590492,7,0.005709602
0.892229674,2,0.32005513
1.682959296,4,0.181369248
1.72506527,7,0.043877257
0.050078734,6,0.000152866
0.329087377,1,0.589921246
0.400283084,8,0.000546903
0.84854956,2,0.327122042
2.608141547,4,0.176978465
0.732110329,2,0.346732273
0.558447183,3,0.225494448
1.709969733,5,0.126460891
0.481892884,8,0.000916091
1.482651826,1,0.156112157
0.566519385,1,0.399286436
0.046740943,9,8.19E-08
1.282273306,7,0.026081238
0.732896889,9,0.000887614
0.651277675,2,0.361032962
1.80133318,9,0.012110035
0.135237335,3,0.137117205
0.686342839,6,0.020889343
0.470871727,7,0.00319762
1.363378209,9,0.005686227
0.932023141,3,0.241678023
1.162359908,9,0.003597574
0.666503409,8,0.002210072
1.157446455,7,0.021489919
1.267747406,5,0.100704773
0.295080655,7,0.001085412
1.489420871,7,0.034193122
1.19085125,8,0.009698649
0.585554841,3,0.227793976
0.67967949,8,0.002328363
0.239365891,1,0.723437956
1.325854931,4,0.17081668
1.080325313,3,0.241600418
0.091957004,3,0.115540505
0.805195403,1,0.29724425
1.141396194,5,0.091641546
1.03722136,9,0.002570639
0.172069905,3,0.151844134
0.627293686,1,0.368094658
0.01228083,1,3.577910361
0.29229,8,0.000224751
0.156833,7,0.000239528
2.224216024,4,0.182866689
0.783119597,4,0.13234753
0.299442138,6,0.004824839
1.048235489,9,0.002652805
0.718463929,8,0.002697312
0.10256481,4,0.024359408
0.491399683,7,0.003521275
1.14814869,2,0.28161299
0.149669915,4,0.034719552
0.480016357,2,0.393310714
0.595256358,9,0.00045912
